layer,function,equation,parameters,p0,p1,p2,p3,p4,stderr,r_sq
conv,log,a*log(b*x0)+c*log(d*x1)+e,5,6.48775816256,0.00660054685252,6.95669242072,0.00635954872386,-26.5342381862,10.2030276721,NA
sig,linear,a*x+b,2,5.72039322576e-06,0.000952569912148,5.17450541677e-07,0.953202531367
htanh,linear,a*x+b,2,1.09743053597e-05,0.000551618397284,2.38566848824e-07,0.997172597137
relu,linear,a*x+b,2,4.3736577647e-07,0.131226184486,5.55614201962e-08,0.92533356713
pool,log,a*log(b*x0)+c*log(d*x1)+e,5,-0.315328660129,0.000363715604186,0.579029346808,5.93435500218e-05,1.98613458599,0.271715223359,NA
norm,linear,a*x+b,2,7.61467686382e-06,1.56191308195,1.97255483035e-06,0.439561218146
local,log,a*log(b*x0)+c*log(d*x1)+e,5,0.622923339776,0.00163630689627,0.154289872501,0.000783420566452,-2.03456402728,0.111579658951,NA
softmax,linear,a*x+b,2,5.47245677814e-06,0.000150549770807,4.18255045739e-08,0.99964963819
argmax,log,a*log(b*x0)+c*log(d*x1)+e,5,0.0514633617801,0.00484800143115,-0.0438992607694,0.0118063353102,0.0515269303667,0.00108746807849,NA
fc,log,a*log(b*x0)+c*log(d*x1)+e,5,0.17643889846,0.0100991999419,0.20597234155,0.0151568997188,-0.240675582665,0.0206454610961,NA
