layer,function,equation,parameters,p0,p1,p2,p3,p4,stderr,r_sq
conv,log,a*log(b*x0)+c*log(d*x1)+e,5,6.69962669206,0.00485577104468,7.83182309956,0.00652126464402,-29.1964741312,10.0272756976,NA
sig,linear,a*x+b,2,5.41477280842e-06,0.000578801425688,2.41135630756e-07,0.988240838806
htanh,linear,a*x+b,2,1.10253913711e-05,0.00053105795287,1.7715983114e-07,0.998453245211
relu,linear,a*x+b,2,4.81204196031e-07,0.12443071208,7.82376705647e-08,0.883257177044
pool,log,a*log(b*x0)+c*log(d*x1)+e,5,-0.321946625556,0.000511132318404,0.583358311129,0.000655278186017,0.722019130641,0.270788885056,NA
norm,linear,a*x+b,2,8.35632403342e-06,1.42454430036,1.73879715164e-06,0.548648384457
local,log,a*log(b*x0)+c*log(d*x1)+e,5,0.628273666294,0.00156746258344,0.154109820434,0.000822695401348,-2.03865993488,0.110915944352,NA
softmax,linear,a*x+b,2,5.73682664819e-06,0.000690548868182,5.34450172275e-07,0.950503340787
argmax,log,a*log(b*x0)+c*log(d*x1)+e,5,0.544890095785,0.0447539872273,-0.536961656978,0.0323175276189,-0.179799198754,0.00119190096741,NA
fc,log,a*log(b*x0)+c*log(d*x1)+e,5,0.1766165262,0.014002015821,0.208218771181,0.0155590416852,-0.310724777594,0.0219093937279,NA
