layer,function,equation,parameters,p0,p1,p2,p3,p4,stderr,r_sq
conv,log,a*log(b*x0)+c*log(d*x1)+e,5,23.5187390806,7.67268341134e-11,202.439833695,0.00634774913908,-543.743715611,90.4492743111,NA
sig,linear,a*x+b,2,2.04700513845e-05,0.00384404177184,1.08452526551e-06,0.983436989703
htanh,linear,a*x+b,2,3.2350893572e-05,0.00174547819541,5.87648848015e-07,0.998024142981
relu,linear,a*x+b,2,7.68984099471e-07,0.339764951233,2.31730265626e-07,0.687735681877
pool,log,a*log(b*x0)+c*log(d*x1)+e,5,0.376250033391,0.000304830189132,2.05690502643,0.000202844210957,-2.42736775791,1.73916513476,NA
norm,linear,a*x+b,2,2.99659486205e-05,3.45875015888,5.89292427225e-06,0.57644088259
local,log,a*log(b*x0)+c*log(d*x1)+e,5,6.12063596061,0.000225489295371,2.29902551993,6.93714895004e-05,-6.50779729331,1.23099789586,NA
softmax,linear,a*x+b,2,1.90752365004e-05,0.00378146954329,1.50348813229e-06,0.964064994907
argmax,log,a*log(b*x0)+c*log(d*x1)+e,5,0.0102048675356,0.0126792266585,-0.00105535515413,0.012031024405,0.010611615419,0.00132834463217,NA
fc,log,a*log(b*x0)+c*log(d*x1)+e,5,1.2521651976,0.0115846686691,1.91219469201,0.0198568396619,-3.57348718301,0.396092918235,NA
