layer,function,equation,parameters,p0,p1,p2,p3,p4,stderr,r_sq
conv,log,a*log(b*x0)+c*log(d*x1)+e,5,22.4784811176,7.30271780879e-11,203.608936096,0.00610968428685,-557.956558403,93.0440009157,NA
sig,linear,a*x+b,2,1.96304032893e-05,0.00369498910676,1.04049379062e-06,0.983422766668
htanh,linear,a*x+b,2,3.23850403058e-05,0.00134975396804,5.38804658947e-07,0.998341924277
relu,linear,a*x+b,2,-7.3885630099e-08,0.46382989314,1.63806404609e-07,0.0390991036005
pool,log,a*log(b*x0)+c*log(d*x1)+e,5,0.56451095928,0.000196673744113,2.0877130312,0.000207509529901,-3.14067361747,1.83700237355,NA
norm,linear,a*x+b,2,2.81757738863e-05,3.67024230964,5.9005121654e-06,0.545475919184
local,log,a*log(b*x0)+c*log(d*x1)+e,5,6.04215699251,0.000222883161942,2.30721048553,8.35674636062e-05,-6.67883366962,1.24757284329,NA
softmax,linear,a*x+b,2,1.7893132597e-05,0.00446884992046,1.48324777763e-06,0.960403251589
argmax,log,a*log(b*x0)+c*log(d*x1)+e,5,-0.112609263132,0.0147142493286,0.122425943424,0.0236296354947,-0.0484700353211,0.00109366122096,NA
fc,log,a*log(b*x0)+c*log(d*x1)+e,5,1.27135598734,0.00736062980246,1.91623848304,0.0112085420645,-1.94716823568,0.40005971802,NA
